locationId,city,phone,address
1,Vanderbijlpark,1097778493,1 Roxbury Crossing
2,Ilangay,8663239798,34 Coolidge Center
3,Shiyan,3368075018,355 Pierstorff Pass
4,Pateros,5352882818,7 Petterle Street
5,Liudong,4742354700,78 Linden Road
6,Luzino,2661231624,306 Nobel Street
7,Dobrzyca,6981931365,6959 Harper Street
8,Hongsihu,7847828706,29 Scoville Alley
9,Usman’,1443783289,03228 Sunfield Place
10,Vierzon,2931976593,5209 Duke Park
11,Matanzas,9988283087,0 Algoma Parkway
12,Pagelaran,1412746107,27 Manley Pass
13,Bweyogerere,8187361311,0 Linden Way
14,Châlons-en-Champagne,3206823002,518 Towne Circle
15,Soledad,5892793337,290 Scoville Lane
16,Goascorán,9154086155,7134 Becker Circle
17,San Andros,8812230986,78775 Manley Place
18,Zudun,3286756925,58 Bunker Hill Terrace
19,Sumberjo,3988530149,1 Doe Crossing Junction
20,Wolofeo,1764587411,91397 Golf Terrace
21,Pamiers,5111328674,7950 Columbus Avenue
22,Józefów,5471443643,7415 Armistice Point
23,Göteborg,5875902913,4 Crowley Park
24,Wawa,8439340468,19 Ruskin Parkway
25,Rasūlnagar,4208957492,16818 Dapin Avenue
26,Masu,1455442499,64 Scoville Drive
27,Kristianstad,3791253083,7464 Meadow Ridge Junction
28,Las Ánimas,7025644008,0 Havey Trail
29,Philadelphia,2157431228,3900 Welch Circle
30,Ruchihe,1974691206,47 Burrows Drive
31,Zhangping,4663495357,171 Utah Way
32,Novhorod-Sivers’kyy,7396798655,55 Graceland Parkway
33,Vitória de Santo Antão,2641799807,897 Burrows Parkway
34,Turus,1929961227,4654 Derek Lane
35,Sollefteå,2889113484,4 Dorton Place
36,Kende,2466839742,71960 Marquette Street
37,São Borja,5315129093,74583 Monument Circle
38,Vakhtan,7617930841,7039 Leroy Terrace
39,Song’ao,4688414573,7627 Burrows Point
40,Banjar Delodrurung,5557576432,22 Forest Run Crossing
41,Ludvika,7518567670,8 Towne Court
42,Concepción,8296979007,50787 Hintze Junction
43,Shangjie,5991594318,8 Tony Center
44,Fryčovice,3085090209,0371 Rutledge Avenue
45,Bangus Kulon,8118284784,76488 Acker Crossing
46,Jingling,1607045837,6 Carey Crossing
47,Ljupina,9617167805,9 Randy Plaza
48,Wangqu,9696683729,59 Ridge Oak Drive
49,Malax,7297787218,79136 Carey Park
50,Dmytrivka,5599791591,89 Calypso Crossing
51,Fengshan,5226425873,3205 Oakridge Road
52,Jacareí,2626631962,99 Corscot Place
53,Daxi,3875120849,9489 Hovde Hill
54,Amadora,8019112697,2 Spaight Center
55,Usab,4187618811,3128 Dapin Hill
56,Lazaro Cardenas,5047799627,96 Sloan Center
57,Vysehrad,7864345196,24 Bluestem Terrace
58,Rungis,7785489467,9012 Little Fleur Junction
59,Muaratiga,7191794685,877 Old Gate Center
60,Shu,9789409141,36329 West Junction
61,Sirnarasa,3235852921,7 Mesta Plaza
62,Cisalakdesa,4293430281,830 Packers Pass
63,Beaung Tengah,5775305677,971 Anniversary Terrace
64,Catujal,8324351479,17 Fallview Lane
65,Ścinawa,8339978986,010 Iowa Street
66,Samashki,2672142893,276 Columbus Parkway
67,Rancho Nuevo,4617052535,0136 Nancy Junction
68,Zhangpu,9226812926,4229 Independence Terrace
69,Lederaba,4386819043,920 Paget Road
70,Itabaianinha,2577145636,40183 Troy Parkway
71,Andrézieux-Bouthéon,4275275271,630 Algoma Alley
72,Mata de São João,5919743840,4 Old Shore Way
73,Guamal,4224917630,8700 Oak Terrace
74,Ikryanoye,9618106451,7 6th Parkway
75,Sambongpari,8014478566,9 Logan Street
76,Sokolnice,9865742602,577 Kim Parkway
77,Shimabara,5623947135,123 Talmadge Hill
78,Nagasari,8618441596,5535 Dexter Way
79,Portland,9716638412,64 Claremont Circle
80,København,1977771542,831 Caliangt Avenue
81,Hengdong Chengguanzhen,1091383642,61 Graceland Lane
82,Youludu Sibage,6454144336,43 Maple Wood Terrace
83,Mramani,8839549187,5 Steensland Hill
84,Jiangdianzi,1812052346,6924 Mandrake Way
85,Xiabaishi,8109060947,16521 Stuart Lane
86,Lecherías,3465676690,4890 Randy Drive
87,Ilovka,2849442478,5 Algoma Alley
88,Hehu,3492628971,225 Anderson Terrace
89,Kup,8523770236,58522 Merry Road
90,Mainque,4729569654,5186 Vermont Park
91,Castleknock,5871187029,35 Kings Pass
92,Panjerrejo,2122021922,50 Dottie Lane
93,Bolhrad,4647576822,872 Shasta Point
94,Carvalheira,9753117121,96838 Crest Line Point
95,Beopwon,9735626662,5847 Mallard Pass
96,Jacareí,6067394850,8110 Sunbrook Hill
97,Huangqu,4185198985,338 Arrowood Road
98,Klapagading,9839359733,00 Northland Drive
99,Timba Timuk,9072094486,4475 Sage Road
100,Kuaro,6903892396,704 Mayer Parkway
101,Dzuunmod,8207802768,19 8th Crossing
102,Bebandem,8858181299,8 Merry Avenue
103,Ishikawa,8832345539,589 Lake View Drive
104,Pirok,9068658177,214 High Crossing Park
105,Outokumpu,8344472754,00 Dovetail Road
106,Pando,3586988802,06408 Dwight Plaza
107,Maibu,2579333449,25308 Mifflin Place
108,Paico,1052821241,84 Bashford Alley
109,Khenifra,5734621837,657 Monument Pass
110,Paris 01,8994295311,8104 Northwestern Court
111,Xumu,4994859813,53814 Ridgeview Lane
112,Piracuruca,5317890943,5 Holmberg Alley
113,Voskresensk,2525127113,69490 Melody Pass
114,Maraial,7536030078,6 Rockefeller Junction
115,Gurbuki,6531221130,45 Susan Junction
116,Sladna,6532927483,4155 Cody Parkway
117,Zielonka,3123960182,723 Chive Hill
118,Ryczywół,1494948769,71971 Hallows Way
119,Catarman,1897972256,83 Crownhardt Street
120,Korostyshiv,1712492471,2800 Stang Street
121,Miaoxi,5924780012,96 Kings Center
122,Amherst,9157581981,216 Sunnyside Alley
123,Kuluran,6974172117,7766 Caliangt Drive
124,Tsyelyakhany,7579623036,89 American Park
125,Orahovica Donja,5035324015,6114 Bultman Way
126,Ōmamachō-ōmama,3162853118,45919 Glendale Hill
127,Tiantai,9927411521,78 Messerschmidt Parkway
128,Le Tampon,3434644116,09858 Riverside Park
129,Qintang,1446336992,97562 Mosinee Hill
130,Roissy Charles-de-Gaulle,2621316205,615 Fairview Terrace
131,Saparbay,5572893892,9608 Shopko Pass
132,Vila,2784140066,56287 Wayridge Drive
133,Maumere,6893873835,050 Miller Circle
134,Suncun,5558587666,113 Loftsgordon Parkway
135,Calmar,1825544778,1066 Prairie Rose Circle
136,Bamban,1549754649,77793 Main Street
137,Pergamino,5724256951,096 Center Lane
138,Eshowe,7885273208,0680 Mitchell Point
139,Rawawilis,9771538895,8 Sugar Lane
140,Itabira,6104783930,51471 Victoria Way
141,Ricardo Flores Magon,3128749918,86089 Becker Way
142,As Sālimīyah,3425506884,98675 Mariners Cove Plaza
143,Taphan Hin,5463887652,357 Lindbergh Junction
144,Nanmu,3271587309,368 Little Fleur Way
145,Las Matas de Farfán,1183274855,6684 Dorton Street
146,Anxi,3147446422,12239 Jenifer Road
147,Dobra,9571669347,0604 Packers Pass
148,Walton,6671321485,842 Mosinee Drive
149,Stebnyk,3405215378,0 Melody Street
150,Zhelin,2806489207,1 Oneill Trail
151,Créteil,3322347227,4 Lotheville Hill
152,Myski,5236684029,4493 Express Park
153,Sîr ed Danniyé,6026817237,169 Village Center
154,Goranboy,1694210920,38 Arrowood Park
155,Mbinga,9556046439,6092 Dunning Lane
156,Monte Santo de Minas,9938586798,29747 Lien Plaza
157,Czyżowice,4921107660,4512 Orin Parkway
158,Przemyśl,3362741371,720 Warrior Drive
159,San Francisco Zapotitlán,2247476473,68 5th Street
160,Néa Smýrni,3214254524,00 Monica Junction
161,Gubo,6973889570,2 Dunning Road
162,Corozal,6217622734,173 Towne Center
163,Gbarnga,9492625630,4481 Ohio Avenue
164,Zürich,1124589399,6 North Alley
165,Lisków,1604256232,0 Comanche Crossing
166,Murmuiža,3082647739,37 Schlimgen Circle
167,Banyo,8987499180,56 Delladonna Way
168,Whakatane,5941196681,776 Brickson Park Circle
169,Urengoy,2884938150,267 Glendale Park
170,Liangjing,3116540596,3301 Claremont Lane
171,Postřelmov,1738548937,51 Eastlawn Circle
172,Liulin,8404315791,17355 Lighthouse Bay Way
173,Hullo,7346409246,7 Brickson Park Court
174,Umag,3372225404,41 Hooker Crossing
175,Eindhoven,3745083003,0 Memorial Park
176,Palmital,4917224368,657 Hansons Street
177,Laugar,5016751543,508 Butternut Terrace
178,Huayacundo Arma,5491519366,0735 Killdeer Parkway
179,Voskhod,2358705719,71317 Ridge Oak Drive
180,Polanica-Zdrój,4639879035,6 Susan Crossing
181,Huwei,3358991513,42 Jackson Way
182,Głuchołazy,6248110997,1 Hudson Trail
183,Niños Heroes,3419304032,4 Drewry Place
184,Taquara,4049961709,94 Gina Street
185,Waegwan,2852460241,1016 6th Street
186,Madīnat ‘Īsá,3607516936,8940 Twin Pines Street
187,Sundsvall,9854592491,108 Ridgeview Center
188,Xiapu,8537393346,34 Reinke Street
189,Tegalwero,4495429966,070 Granby Trail
190,Xintaimen,9431798050,48985 Birchwood Center
191,Anniston,2564286203,082 Welch Road
192,Wuduhe,9415347632,29 Graedel Terrace
193,Dobropillya,2911139827,69278 Veith Court
194,Ciudian,6345508616,9 Hazelcrest Court
195,Donggou,6802056543,3095 Hermina Parkway
196,Kozakai-chō,8636952271,1 Northland Way
197,Thị Trấn Yên Thịnh,8797338895,11530 Almo Center
198,Retorta,2648190204,2 Esch Court
199,Mariscala,2903055320,29 Browning Parkway
200,Pataha,4875703075,43299 Northwestern Circle
201,Tanggan,5487642895,229 Briar Crest Center
202,Vishnyeva,9564531446,7740 Arapahoe Plaza
203,Mandalay,6853371629,3979 Messerschmidt Point
204,Daugai,8988497566,8 Meadow Valley Terrace
205,Santa Catalina,5276916318,823 Oneill Avenue
206,Vakhrushi,4739013870,684 Cottonwood Trail
207,Wanying,9777618139,16953 Jay Hill
208,Vale da Serra,2736973577,571 Muir Park
209,Maoqitun,5351016998,6634 Washington Drive
210,Pueblo Nuevo,8554646161,084 6th Street
211,Sumberpandan,3673632241,8320 Stuart Road
212,Aguas Corrientes,9421910199,16365 Prairieview Avenue
213,Saposoa,7485391225,5 Corben Park
214,Starotitarovskaya,9444683572,6 Hintze Drive
215,Nanshi,6617922268,93190 Hanover Circle
216,Huiyi,1312797895,832 Rowland Road
217,Stykkishólmur,9944444306,706 Warner Junction
218,Mazhu,5834414151,31 Huxley Street
219,Khlong Toei,3769684433,74 Toban Junction
220,San Agustín,4323185764,94 5th Drive
221,Yanacancha,7425346874,1719 Cardinal Junction
222,Waihai,3896672790,63 Arkansas Parkway
223,Manturovo,3979920068,1943 Mayer Terrace
224,Rila,8199806248,58723 Judy Place
225,Jönköping,9762062007,4977 Bobwhite Hill
226,Arboga,5747235414,906 Calypso Park
227,Ferreira do Alentejo,6294960504,6404 Pierstorff Crossing
228,José de Freitas,9524602954,0884 Wayridge Place
229,Pordapor Barat,7307356947,81 Cherokee Pass
230,Lykóvrysi,4335906136,32296 Tennyson Plaza
231,Khueang Nai,2886455869,6792 Farwell Court
232,Sihe,8037633301,14087 Farwell Pass
233,Dagu,8972705185,364 Clyde Gallagher Alley
234,Batasan Bata,3364160378,4 Harbort Alley
235,Machov,8024900381,64 Sundown Hill
236,Suizhou,3986292857,5 Old Shore Circle
237,Wulipu,4716163411,1147 Ronald Regan Parkway
238,Malbork,1898826308,113 Armistice Crossing
239,Đức Phong,8002497192,6365 Vahlen Parkway
240,Kota Ternate,7777135630,8854 Meadow Valley Park
241,Maralal,8728973486,77801 Oneill Parkway
242,Tisul’,2446786085,685 Lillian Hill
243,La Francia,7267987310,50 Coolidge Place
244,Fukayachō,8204857329,903 Kensington Center
245,Tungao,5068095139,07 East Terrace
246,Mörrum,3099396577,3 Pennsylvania Drive
247,Saidpur,2102649097,0 Monument Place
248,Nyima,9485172314,3915 Lillian Avenue
249,Lazdijai,6163188036,5732 Jay Place
250,Amalfi,6884966458,67771 Everett Street
251,Peliyagoda,1167222013,35598 Independence Pass
252,Ognevka,2961019444,4953 Logan Terrace
253,Ilandža,7607565821,83 Meadow Ridge Parkway
254,Raojān,1422087607,36 Prairie Rose Road
255,Gudauta,7014762564,35215 Eastlawn Way
256,Sindangjawa,4675303990,7246 Moland Alley
257,Pasirnangka,3328135828,9 Debra Court
258,Susuman,8203125746,63002 Longview Circle
259,Jinhe,8113057197,25 Rusk Avenue
260,Angers,5702322319,27623 Burrows Park
261,Lunen,2025701390,3 Declaration Alley
262,Ostrov,6473357507,7738 Pankratz Street
263,Ḥurfeish,4104182945,81934 Mcbride Pass
264,Stockholm,6632640156,25828 Vahlen Park
265,Alfonso,7358174934,70329 Loomis Hill
266,Pueblo Nuevo,2883911550,172 Dennis Point
267,Panalanoy,4006428788,7415 Golf Course Terrace
268,Bacong,8228576875,0 Graedel Center
269,Borovskoy,5318367213,66600 Main Drive
270,Burgos,4354060967,160 Pepper Wood Street
271,Bizana,2354988245,7 Hanson Drive
272,Stockholm,2012301958,69126 Troy Drive
273,Vredenburg,3468189753,4 Talmadge Center
274,Pacapausa,4766892394,7745 Pierstorff Circle
275,Figueira dos Cavaleiros,8778862190,5666 Truax Circle
276,Phitsanulok,7881393467,462 Burning Wood Way
277,Stary Sącz,6853509308,01 Rieder Circle
278,Xiaoying,9754352873,767 Butterfield Way
279,Norrtälje,3581011191,1331 Sycamore Street
280,Malawag,3165806417,39 Mallard Pass
281,Horgo,7656165565,85 Harper Center
282,Kristiansand S,5417017113,8 Eagle Crest Court
283,Helsingborg,9687395454,054 Pierstorff Drive
284,Netanya,1686174632,44765 Packers Plaza
285,Jiachuan,9564050903,2622 Pepper Wood Circle
286,La Salud,8739175361,460 2nd Road
287,Labuhansumbawa,3644236816,0447 Rieder Park
288,Sępopol,7379717200,141 Vernon Circle
289,Vingåker,6827630573,88 Aberg Way
290,Lyon,7645346681,3061 Manufacturers Crossing
291,Chengyang,2749115831,10850 Independence Terrace
292,Talu,2823314364,60 Harper Lane
293,Krandil,7759843784,2 Schurz Drive
294,Kochani,8754649007,9 Evergreen Lane
295,Ganhe,8384823256,3 Steensland Court
296,Sawangan,8657537055,64276 Parkside Trail
297,Kitale,4059351153,8263 Sheridan Road
298,Ningzhong,7983900229,32 Larry Park
299,Laidian,5239028893,3 Portage Avenue
300,Zhongling,7657276012,832 Sauthoff Pass
301,Győr,6565642827,8068 Golden Leaf Lane
302,Dobřany,2813566999,57587 Sutteridge Parkway
303,Księżpol,3299799440,6693 Havey Park
304,Cagayan,6972478860,57984 Lerdahl Hill
305,Jiangti,2099916764,12399 Northport Pass
306,Itinga,9094753845,28 Becker Center
307,Shangganshan,7815880364,2 Badeau Parkway
308,Asikkala,1113211640,3 Forest Dale Road
309,Grand Rapids,6164756806,3307 Lerdahl Crossing
310,Santo Domingo,4896387552,14 Dennis Court
311,San Martín,8608769461,96881 Upham Street
312,Cibenda,2002440804,5768 Sunfield Trail
313,Trai Ngau,5415093119,6779 Main Street
314,Novopokrovka,1731092711,27 Norway Maple Trail
315,Noginsk,4795922305,105 Arizona Center
316,Nakhchivan,3616887131,12322 Continental Hill
317,Cimara,4591609992,636 Arkansas Circle
318,Houmt Souk,8004669939,4893 Magdeline Junction
319,Chengfeng,8957734680,31 Kropf Avenue
320,Vạn Giã,3421473877,28643 Arizona Plaza
321,Rabāţ-e Sangī-ye Pā’īn,3624310430,56998 Warbler Way
322,Rybczewice,5281205731,33014 Sauthoff Pass
323,Vrbno pod Pradědem,5084520081,6903 Lotheville Crossing
324,Chroustovice,2799679297,00 Towne Alley
325,El Marañón,7129219363,616 Jana Drive
326,Joševa,5173431536,9 Harbort Alley
327,Bianba,9305349686,7 Steensland Center
328,Nato,6941104522,0058 Vera Place
329,Pljevlja,9466143663,24 American Ash Pass
330,Carromeu,7081244239,11 Vermont Junction
331,Phrae,3055640370,493 Pleasure Crossing
332,Reconquista,9213206463,100 Schurz Point
333,Sacsamarca,6866180046,315 Hauk Hill
334,Juradó,1651685448,214 Glendale Point
335,Tsagaanders,9078674672,47 Charing Cross Place
336,Casal dos Bernardos,4078289011,14686 Mariners Cove Point
337,Sindangjati,1394240252,59 Badeau Hill
338,Fuxing,1328217579,4 Onsgard Lane
339,Agios Dimitrios,1686725646,77 Carioca Drive
340,Lodja,8248908559,10 Bultman Crossing
341,Yanahuaya,7568798249,7 Stang Terrace
342,Ekerö,5608517436,482 New Castle Point
343,Junqueiro,8343560802,27 Rutledge Street
344,Maripa,4836814156,80029 Wayridge Way
345,Lianghekou,7396318855,8227 Heffernan Pass
346,Santa Cruz de Barahona,9086641236,4467 Rieder Road
347,Sherbrooke,4924974372,2 Chinook Parkway
348,Guitang,4044658914,3 Judy Place
349,Yongjiang,9274984160,963 Spaight Park
350,Qila Saifullāh,5207185243,272 Hanover Court
351,Thị Trấn Quan Hóa,7482588148,3 Westend Pass
352,Datun,5705252212,0 Starling Plaza
353,Roanoke,5403963571,94165 Muir Circle
354,Gueltat Zemmour,2329614032,425 Maryland Center
355,Ogoja,9545162046,70896 Jay Court
356,Ostrówek,2851230750,1327 Goodland Street
357,Zuolan,4703704952,88743 Meadow Valley Trail
358,Krosno,1215675040,475 Hintze Circle
359,Yoiqag,7955438679,45 Bobwhite Terrace
360,Al Fayyūm,1957675597,7388 Chinook Street
361,Hrochův Týnec,5846027824,4249 Westerfield Avenue
362,Lexington,6062299740,6400 3rd Park
363,Burgersfort,3619251380,7291 Weeping Birch Plaza
364,Bujanovac,2375444171,351 Vidon Park
365,Halmstad,3796067979,0415 Burrows Pass
366,Zhangping,6353856314,40574 Del Mar Point
367,Pomahuaca,5586760279,606 Forest Dale Lane
368,Datan,5063684614,8 Thierer Pass
369,Manjakandriana,4871041353,90 Knutson Park
370,Takahagi,2589734288,4 Briar Crest Avenue
371,Dvurechensk,3776586607,5446 Loomis Hill
372,Pongola,9631619429,86111 Straubel Hill
373,Kowŏn-ŭp,7477107326,462 Granby Hill
374,El Escanito,7739281726,9 Green Ridge Parkway
375,Petauke,9504274363,5700 Sommers Drive
376,Monze,7288352357,90 Esker Street
377,Magsaysay,2724913865,98 Mayfield Junction
378,Novosineglazovskiy,4749334399,20261 Canary Drive
379,Beigang,1041865799,7328 Jenna Point
380,Verkhnya Syrovatka,4847506641,756 Sommers Avenue
381,Kodinsk,8241244719,3 Mariners Cove Court
382,Paôy Pêt,4551618893,08 Jenna Lane
383,Satu Nou,5275058471,107 Fairfield Junction
384,Dazi,9888963779,0610 Dapin Hill
385,Byumba,1998884073,5714 Southridge Point
386,Le Mans,8463354545,8 Mcbride Trail
387,Mae Wang,8322051823,35403 Washington Street
388,Nazaré da Mata,3472343613,93230 Michigan Park
389,Borovikha,7513855023,01145 Ryan Center
390,Wiset Chaichan,1766685919,4 Artisan Point
391,Randuboto,9749829796,10 Basil Point
392,Yangpu,7706893541,3022 Northwestern Road
393,Titay,7587814298,581 South Plaza
394,San Juan,3895096500,60098 Texas Junction
395,Kalapadua,9559845335,210 Moulton Court
396,Bauru,3675449642,8076 Carberry Way
397,Síkinos,2033929995,80108 8th Trail
398,Kovářská,1361108884,9001 Glacier Hill Court
399,Gavarr,1371085429,95102 Westport Court
400,Shimotoda,3124515789,93448 Talisman Center
401,Cáchira,9664252933,63959 Cambridge Way
402,Gandoang,6507004530,7 7th Court
403,Depapre,8458576528,16061 Luster Road
404,Sanjia,3203401547,9 Prairie Rose Place
405,Gävle,5466700391,10 American Parkway
406,Chhātak,9861839453,204 Fuller Pass
407,Tarikolot,4635949068,3 Vidon Point
408,Gromnik,6136706601,30654 Lighthouse Bay Place
409,Dakoro,3285102796,38 Warbler Junction
410,Mangochi,4499415755,2446 Vahlen Hill
411,Saint Louis,3147769659,29146 Susan Court
412,Yeysk,2687111507,0709 Morrow Avenue
413,Euclides da Cunha,4206593920,6 Fairview Junction
414,Haoguantun,1937522956,46 Shopko Junction
415,Lom Sak,6497423962,2 Corscot Point
416,Kamiichi,1727620471,90876 Buhler Junction
417,Al Qūşīyah,1621848707,648 Cordelia Pass
418,Várzeas,3105705088,59929 Grover Lane
419,Tiehe,7011542276,7 Amoth Circle
420,Nakasongola,2911196982,146 Del Sol Avenue
421,Pak Phanang,6117142878,315 Waubesa Alley
422,Jiaoba,3938399925,6774 Leroy Terrace
423,Berëzovyy,2803974038,71 Stephen Circle
424,Jacksonville,9048911583,32310 Buell Junction
425,Sishui,8401203761,5 Raven Road
426,Pregradnaya,7027183209,51 Myrtle Trail
427,Alcabideche,8693225436,425 Forest Way
428,Longde Chengguanzhen,3139937929,3 Charing Cross Junction
429,Semongkat,6221036590,31 Harbort Park
430,Inglewood,3109772864,87084 Anderson Hill
431,Nong Don,6467773314,19116 Sycamore Lane
432,Changuinola,3723266768,49257 Main Alley
433,Slavyansk-na-Kubani,3474071363,77720 Nobel Alley
434,Québec,8334823307,07 Hanson Alley
435,Burnham,7528281156,1 Lakewood Lane
436,Krajan Keboromo,2953601346,53 Crest Line Road
437,Calarcá,9182477016,86 Banding Parkway
438,Huzhen,7888569022,60541 Beilfuss Hill
439,Lat Yao,8703264276,2 Evergreen Way
440,Uticyacu,9571350276,7856 West Street
441,Wanagiri,9975308421,18288 Shopko Street
442,Santa Cruz,4079551447,82 Hazelcrest Park
443,Kaset Sombun,1556359008,8 American Ash Junction
444,Karlskrona,4649270554,85969 Lindbergh Street
445,Hougang,8822585038,1 Monument Circle
446,Ichnya,6245367584,009 Westerfield Circle
447,Poniklá,7196817006,81 Sugar Point
448,Balud,9908002968,9 Sage Center
449,Cicurug,8047144353,54 Upham Lane
450,Valle Grande,4725532521,5903 Hazelcrest Alley
451,Ouro Branco,3791769634,18 Oxford Street
452,Bagu,1163288989,12958 Vidon Circle
453,Baimajing,6809287635,9 Spaight Alley
454,Haokou,8129169203,8704 1st Street
455,Lembang,1268415696,5222 Marcy Way
456,Malbug,9251988291,9 Washington Terrace
457,Châteauroux,7047178930,35384 Westport Park
458,Tapakrejo,3884961673,20 Arapahoe Alley
459,Göteborg,6534850682,80 Ridgeway Way
460,Ruokolahti,2896905007,82431 John Wall Circle
461,Fulong,1819505137,4805 Chive Road
462,Franco da Rocha,7728583543,7 Graedel Street
463,Yeghvard,9037074206,94977 Eagan Plaza
464,Jankowice,7882485654,2696 Sheridan Trail
465,Xiongjia,4267914990,384 Weeping Birch Court
466,Masindi,1398172768,7119 4th Circle
467,Espinho,9656704346,4 Elka Terrace
468,Itsandra,7137271496,3192 Mendota Junction
469,Bihać,5394732422,47697 Bowman Park
470,Nagoya-shi,2253512362,8127 Luster Pass
471,Paris 10,1217791438,6 Nevada Pass
472,Putukrejo,5693039254,6 Vernon Avenue
473,Gunung Talang,7629445750,15 Atwood Way
474,Ginatilan,7007656862,25261 Birchwood Parkway
475,Yongyang,7339788104,65 Golf View Alley
476,Pelem,4253706328,28 Stephen Center
477,Zhemtala,2224208711,7 Manitowish Street
478,Punolu,1449125871,41 Havey Center
479,Evansville,8121909757,2888 Haas Road
480,Kawm Ḩamādah,5449137120,291 Tomscot Place
481,Tarragona,8305314903,439 Ronald Regan Lane
482,Lianghu,5387385447,70 Grasskamp Lane
483,La Paz Centro,2316473183,74200 Red Cloud Drive
484,Ban Talat Bueng,1069652110,9 Lake View Trail
485,La Libertad,7839754160,2 Dexter Trail
486,Rivesaltes,5592306051,09740 Anthes Court
487,Huicheng,2118386974,43610 Sunfield Street
488,Lerum,3501725376,1797 Oriole Way
489,Chunghwa,1928077982,67 Loeprich Center
490,Couto,3511846413,671 Buena Vista Point
491,Pudoc,6848044778,17 Vidon Junction
492,Los Cóndores,7798437075,7584 Sutteridge Trail
493,Prámanta,4999947409,72407 Sutherland Street
494,Manama,3215283734,8 Loomis Drive
495,Stockholm,1265552783,2919 Merrick Road
496,Saint-Rémy-de-Provence,2791568667,6 Hallows Pass
497,Bor Ondor,4551464502,508 Everett Terrace
498,Nelson,7172015107,643 Morningstar Plaza
499,Qukuhu,9708524528,4127 Pond Drive
500,Brzeszcze,2903359662,73 Center Drive
501,Rodionovo-Nesvetaiskoye,9643001221,2641 Derek Point
502,Bystřany,1322920783,74240 Loomis Avenue
503,Konary,9367714224,839 Veith Avenue
504,Leńcze,5774392053,3 Crownhardt Alley
505,Ḏânan,8231694699,60 Tomscot Park
506,Wisła,5276170428,577 Victoria Parkway
507,Telagaselaba,3463034927,6892 Portage Plaza
508,Tayabo,1881636856,7239 Dorton Road
509,Katipunan,4954651269,2363 Sloan Trail
510,Uttar Char Fasson,8484994681,7302 Eggendart Alley
511,Brea Pozo,5757624847,30652 Columbus Pass
512,Ulster Spring,9721125012,572 Southridge Terrace
513,Tiberias,5574194954,03 Nova Lane
514,Magatos,8341947605,31902 Sugar Hill
515,Árta,2767175186,30047 Superior Junction
516,Skalbmierz,3349886213,833 Kinsman Terrace
517,Yŏng-dong,8425153086,45 Melody Crossing
518,Jiuzhai,3882965694,8 Carberry Avenue
519,Sotouboua,6999836097,284 Holy Cross Point
520,Krajan,2377246333,7 Springs Alley
521,Vila Franca das Naves,2058483702,24 Hollow Ridge Parkway
522,Tours,6255091202,1 Blaine Parkway
523,Khawr Maksar,3769705577,9281 Cottonwood Lane
524,Xiangfeng,7172380495,251 Dorton Point
525,Qingfeng,7198918786,56 Cody Trail
526,Cakungsari,3621006604,48 Rutledge Pass
527,Xinzhu,8955745796,2287 Warrior Crossing
528,Moriki,5871419196,86 Kings Parkway
529,Massenya,5208845310,77 Fordem Street
530,Shataping,2127491974,222 Shelley Lane
531,Xiangdian,3409354092,95 Atwood Crossing
532,Kalijeruk,4597117004,60699 American Ash Circle
533,Smolec,1662412581,4481 Kenwood Terrace
534,Hepo,1486126242,84 Hovde Drive
535,Belize City,3228176707,44 Briar Crest Terrace
536,Nice,4689290668,9283 Victoria Junction
537,Cendagah,9657294373,3 Bowman Point
538,Āqchah,6946495879,79294 Helena Trail
539,Banocboc,3944269755,4 Hintze Park
540,Taxisco,8265026889,3 Farragut Alley
541,Mpulungu,9143428547,3759 Oneill Way
542,Diamantina,6926090208,8 Darwin Plaza
543,Dingcheng,6978187294,93 Shopko Terrace
544,Ciudad Sandino,6359339861,05 Packers Court
545,Dobryanka,3597386686,959 School Plaza
546,Shiliting,9086471526,23105 Meadow Vale Court
547,Fengting,5289564053,6 Mallard Trail
548,Jimusa’er,2827740279,625 Sullivan Drive
549,Porosozero,6777995021,32600 Memorial Terrace
550,Hiji,9259277487,2747 Ruskin Drive
551,Farah,5834959017,52 Talisman Avenue
552,Sison,2908580383,7358 Burrows Center
553,Tairua,1281751387,58 Esch Circle
554,Jacksonville,9049303792,511 Lindbergh Parkway
555,Khemarat,3626804149,6 Hoffman Road
556,Birqīn,5634697566,212 Summer Ridge Junction
557,Laotai,2223088770,4 Carioca Place
558,Guanhães,7309225936,4512 North Center
559,Vetlanda,4574503575,45 Mesta Parkway
560,Meiyuan,7747094023,7 Pawling Drive
561,Rustāq,1286727314,4863 Memorial Place
562,Laval,4078011460,8 Fremont Center
563,Czerwionka-Leszczyny,4903165049,8579 Surrey Circle
564,Tarrafal de São Nicolau,6357967945,7423 Lien Circle
565,Pacanga,5604905215,823 Maywood Point
566,Желино,4111880493,1217 Garrison Trail
567,Nice,2212342405,589 Chinook Street
568,Ghauspur,5902645730,703 Jay Alley
569,Iwatsuki,4945738959,985 Anniversary Center
570,Targowisko,9773301111,4 Mandrake Place
571,Luleå,2517768361,28946 Rieder Point
572,Pak Phanang,2614337279,69103 Delladonna Place
573,Gujō,5508821817,594 Ruskin Street
574,Cibitung,5781956066,55 Miller Park
575,Hangji,6182366361,9351 Debra Trail
576,Načeradec,9125599530,58250 Welch Court
577,Belsh,2586713479,026 Gina Trail
578,Crépy-en-Valois,2432769458,858 Pleasure Terrace
579,Kunri,5121491642,15 Alpine Street
580,Poshnje,9167439424,2781 Shoshone Avenue
581,El Parco District,7611503296,30 Clemons Pass
582,Mnelalete,4765742314,665 Muir Parkway
583,Tudela,5553916670,98 Melody Court
584,Fundong,2617816373,4749 Glendale Pass
585,Krzemieniewo,9758913884,99479 Rockefeller Crossing
586,Zhaoguli,7403292768,83767 Carberry Crossing
587,Makrychóri,3959291693,4 Carey Park
588,Chico,5307610656,52 Di Loreto Lane
589,Progreso,1129418372,9 4th Street
590,Mayakovski,7653620168,679 Golf View Court
591,Bakan,9381677472,28854 Buena Vista Lane
592,Masu,1988274621,569 Nevada Drive
593,Strohonivka,4497881875,44994 Marcy Crossing
594,Moutsamoudou,8253562377,05758 Rockefeller Terrace
595,Banjar Dukuh,1416860293,084 Bluestem Point
596,Kalāt,9047211722,5810 Mallory Drive
597,Messina,9119783130,33 Fordem Junction
598,Pinheiral,6577731810,6857 Crescent Oaks Hill
599,Luftinjë,3297365495,41 Heath Center
600,Wuyang,9101614024,8 Lotheville Drive
601,Hohhot,2506266582,0706 Granby Lane
602,Jingpeng,7128561564,5599 Huxley Terrace
603,Praia da Tocha,1624578844,38 Fairview Parkway
604,Stockholm,7976815406,731 Eastlawn Junction
605,Kalmar,8074732589,7 Grim Lane
606,Sabaneta,1132526525,96779 Esch Hill
607,Diónysos,1734824392,2813 International Parkway
608,Polyarnyy,1425561636,4109 Spaight Center
609,Erími,5236026750,8 Clyde Gallagher Terrace
610,Novo-Peredelkino,1377698659,95 Garrison Pass
611,Jiucaizhuang,9157529475,870 Sunnyside Junction
612,Omoku,9918156634,6 Mallard Junction
613,Dungkek Laok,9614996428,51 Gateway Parkway
614,Rimpeso,9319573103,667 Michigan Lane
615,Langob,8327476762,7 Buena Vista Trail
616,San Felipe,8328796190,942 Caliangt Alley
617,Harstad,8576926454,58412 Glendale Lane
618,Xianju,5627806923,43 Kingsford Trail
619,San Marcos,1673880322,3 Mosinee Avenue
620,Shipu,6354240134,03 Hovde Center
621,Liudong,4129901290,83 Mallory Drive
622,Koilás,3508056593,031 John Wall Court
623,Gatbo,4904254453,0 Almo Street
624,Begang,9803900719,2 Marquette Circle
625,Sandviken,4613650666,3 Jenna Circle
626,Dukuhbadag,6761175859,74514 Homewood Way
627,Sindangsari,1639583971,1 Prentice Way
628,Klapagada,8531249017,92 Twin Pines Crossing
629,Liudu,6083572863,054 Dexter Alley
630,Ullulluco,2723409213,3 Muir Road
631,Sanlanbahai,7509539379,06 Stuart Park
632,Draginje,7392777146,98 Marcy Place
633,Penalva de Alva,2888908844,741 Lerdahl Trail
634,Baicheng,1717219516,68 Banding Court
635,Estoi,6964781284,16450 Goodland Hill
636,Kazaure,7038154610,7 Oneill Way
637,Shuitou,6085606771,2090 Lakewood Pass
638,Shuanghejiedao,2635836970,325 Cherokee Pass
639,Blaye,7731054258,202 Mendota Junction
640,Jablanovec,9615228045,70 Porter Crossing
641,Acton Vale,9874467964,7 Bay Circle
642,Mangusu,4954527873,69 Pennsylvania Terrace
643,Stockholm,3472533353,20464 Amoth Terrace
644,Palhais,8518532329,4490 Delladonna Road
645,Dongping,1652823035,7631 Alpine Center
646,Zipárion,1299182660,7688 Columbus Pass
647,Tanjay,2169282895,0 Oxford Alley
648,Saint Louis,3145602798,983 Corry Park
649,Kamigyō-ku,1853102348,51701 Thompson Junction
650,Estoi,9521063278,30 Ridge Oak Street
651,Tanggulangin,3596609327,1979 Forest Dale Way
652,Coruripe,6136184804,2 Basil Junction
653,Cihe,9561958007,1 Everett Pass
654,Mrozy,5984642568,1372 Del Sol Trail
655,Ābdānān,8369614715,76 Vernon Hill
656,Saharna,1891947297,4336 Sullivan Hill
657,Songshan,8146860208,136 Arrowood Way
658,Nagrumbuan,1837149840,0660 Hauk Court
659,Canturay,1452978627,3 Hollow Ridge Way
660,Akbarābād,3482298625,4 Ridgeview Parkway
661,Rubio,9777759994,78824 Huxley Pass
662,Ra-ngae,2432874679,119 Golf View Park
663,Cochrane,4162324705,7597 Schurz Pass
664,Dawuhanmangli,6039472513,2 Armistice Alley
665,Ning’an,7688546106,23 Hagan Alley
666,Barra Mansa,5075208168,89 Arrowood Lane
667,Józefów,3315812896,1233 Forest Road
668,Rzewnie,9274343440,95 Old Shore Way
669,Kolomyagi,4954134215,8 Barby Circle
670,Katav-Ivanovsk,4309088305,49 Algoma Lane
671,San Francisco de Coray,6264664595,36028 Di Loreto Center
672,Várzea,5116573460,7495 Nobel Junction
673,Cikendi,1174104508,13 Oak Lane
674,Bohai,8032280271,2 Daystar Court
675,Chengshan,9349521714,1 Harbort Road
676,San Pablo,1583116298,8 Talmadge Hill
677,Yopal,6839926203,0775 Doe Crossing Pass
678,Ndendé,8048815734,67285 Mallory Crossing
679,Lexington,8593514452,17 Monterey Circle
680,Gerdu,5067619068,1 Waubesa Pass
681,Santa Catalina,7533457322,721 Corben Junction
682,Dinaig,3364134458,3665 Kedzie Park
683,Santa Elena,1968046547,2210 Montana Terrace
684,Tianyu,1289591501,824 Bellgrove Way
685,Sungayang,6514048316,560 Carberry Lane
686,Mugango,6753173135,357 Ridgeview Street
687,Igarassu,1707310363,2 American Alley
688,Gombe,5272643031,08050 Merchant Trail
689,Rawannawi Village,8484078159,0953 Briar Crest Avenue
690,Zhigulevsk,8984287720,8 Riverside Place
691,Stare Miasto,4587327666,769 Stephen Trail
692,Chīchāwatni,7609969616,4353 Dexter Trail
693,Chaoyangdong,4253721942,88 Upham Place
694,Svojat,4547338264,695 Grover Point
695,Liangbing,2754257294,302 Sauthoff Crossing
696,Panique,7463594140,22 Pennsylvania Hill
697,Gjilan,5999178761,09385 Bluestem Plaza
698,Boa Vista,3925795609,44 Crescent Oaks Crossing
699,Piraí do Sul,1458928049,848 Pearson Way
700,Sandnes,6165017890,596 Carioca Crossing
701,Jaru,8549929671,4 Golf Road
702,Santa Cruz,6939902976,8658 Browning Center
703,Laraos,5689160261,91061 Raven Plaza
704,Ḩabīl ar Raydah,9978594344,02 Mendota Court
705,Maojiadian,2008706843,2 Corscot Street
706,Qal‘ah-ye Kūf,4755215229,2998 Carpenter Crossing
707,Santa Cruz,8626760045,4 Bunting Center
708,Týrnavos,3768683791,71910 Leroy Park
709,Yuping,1729371075,3 Utah Road
710,Xiangjiazhai,4434120042,04014 Melby Pass
711,Vista Hermosa,8639843128,078 Sachs Way
712,Pirané,7548779684,8106 Forster Park
713,Santander,5078587097,11747 Commercial Park
714,Huangqi,7313995547,22 Vahlen Trail
715,Detchino,4649475421,678 La Follette Court
716,Haiyang,2735302245,80228 Dakota Trail
717,Hezuo,9343043049,2 Maryland Junction
718,Arauquita,5091043027,3225 8th Junction
719,Mozelos,9381145328,3584 Rusk Point
720,Aradac,4195404472,464 Dovetail Terrace
721,Guiset East,1943022877,4929 Browning Junction
722,Qujing,8274007640,476 Almo Lane
723,Lingbei,9941921447,936 Johnson Court
724,Uripa,5651978525,6 Texas Alley
725,Soio,9426003359,00164 Brown Road
726,Datian,2198314454,4 Warbler Road
727,Miami Beach,3057340859,06 Vernon Terrace
728,Bhunya,4116355924,1 Service Hill
729,Gorzkowice,6083800057,3478 Burrows Circle
730,Kurów,6345897630,56914 Lien Parkway
731,Timbulsari,2484024127,68 Forest Court
732,Washington,2029149203,2761 Debs Park
733,Rio das Pedras,7283986815,7 Green Court
734,Dieppe,9082524460,164 Clemons Lane
735,Independencia,2735388755,082 Farwell Crossing
736,Nazaré,6588079147,20762 Arizona Crossing
737,Binuangan,1894697447,476 Sutherland Drive
738,Lille,7023162600,693 Bowman Center
739,Jing’an,2274293619,78179 Elka Park
740,Patzicía,3349623708,4 Roxbury Parkway
741,Stockholm,1252404038,3767 Duke Point
742,Ibeto,9848121016,84508 Independence Plaza
743,Černovice,5152799852,92716 Holmberg Parkway
744,Karlobag,2245082866,7 Mallory Avenue
745,Weligama,2971421452,93014 Daystar Court
746,Makoba,1862119850,830 Sundown Crossing
747,Orita Eruwa,7004718971,03 Mitchell Court
748,Rabat,3812430998,3690 Larry Junction
749,Harembo,1069211897,34257 Karstens Pass
750,Vitória da Conquista,6131997459,0164 Maywood Street
751,Erpeldange,9192959609,8 Grover Crossing
752,Cahuanuyo,1279028988,920 Esker Lane
753,Ţayyibat al Imām,6829417406,55797 Orin Trail
754,Curitibanos,3914025152,20063 Dovetail Avenue
755,Louveira,7144399853,0 Declaration Pass
756,Keta,3893668866,854 Ryan Court
757,Fenkeng,4028661239,8172 Cody Park
758,Chiba,3465108582,2960 Rowland Plaza
759,Santa Elena de Uairén,9522907103,6835 Scott Parkway
760,Jielin,1509990710,47208 Talmadge Park
761,Tržič,2439021094,159 Monterey Court
762,Nierumai,5489777213,3622 Bluejay Alley
763,Dallas,2146790203,772 Mayer Point
764,Loúros,5456197978,54815 Dexter Street
765,Xincun,5669415889,4 Heath Center
766,Konkwesso,8381977476,872 Goodland Court
767,Tucheng,1821252535,4153 Fairview Center
768,Ribeira Quente,3588912696,69359 Mifflin Trail
769,Kass Wollof,8314365631,7424 Carey Avenue
770,Dongbatu,1187419846,79 Clemons Pass
771,Chrastava,6208205070,52 Farragut Street
772,Baicheng,2712831157,114 Crowley Crossing
773,Medellín,3037730672,111 Dexter Drive
774,Ayaviri,5001728769,815 Mandrake Lane
775,West Hartford,8602995954,37 Orin Plaza
776,Kuznetsovs’k,7397068648,997 Mifflin Circle
777,Hudong,6776584652,6 Sachs Parkway
778,Khadīr,4119116057,131 Ryan Pass
779,Shiren,3339605804,11996 8th Court
780,Novoselec,8245995879,957 Oneill Circle
781,Canhestros,5851300383,35 Coleman Parkway
782,Ishigaki,6092180425,73043 Chive Drive
783,Lokosovo,7503176164,26685 Briar Crest Road
784,Veltruby,4148534236,61445 Green Ridge Center
785,Louisville,5029350084,536 Kenwood Way
786,Karpushikha,6093291730,85028 Corscot Circle
787,Dasheng,1235991701,3075 Cordelia Court
788,Taza,9009233515,334 Portage Pass
789,Ulyanovsk,5075778886,41240 Hollow Ridge Center
790,Kombolcha,7503423849,360 Division Road
791,Fernandópolis,1054467570,52 Quincy Road
792,Kiryū,5233246597,03 Pearson Circle
793,El Cafetal,6597802949,0041 Clemons Crossing
794,Göteborg,5197624329,50 Maple Way
795,Kanada,8313802178,073 Graceland Avenue
796,Matina,3348042443,5 Artisan Alley
797,Shadili,3523684955,57175 Aberg Street
798,Wang Nam Khiao,2472634247,23710 Sloan Way
799,Talshand,7669964188,915 Tomscot Place
800,Mŭynoq,6323126949,93 Trailsway Way
801,Enniskerry,8238466735,09 Arkansas Hill
802,Badaogu,1047711928,5 Mcguire Crossing
803,Lorient,5497986444,02906 Acker Center
804,Tojeira,3087225054,9823 Loftsgordon Alley
805,Mamonit,3278383305,0310 Evergreen Place
806,Toliara,7651443578,6 Crest Line Crossing
807,Gornja Koprivna,8038608613,3683 Kropf Lane
808,Lagunillas,8185059861,5 Norway Maple Plaza
809,Malbug,1494893261,25 Myrtle Parkway
810,Hammam-Lif,9181214461,240 Superior Crossing
811,Kalahang,8087521719,9 Jenifer Drive
812,Wuping,9267489626,032 Maywood Pass
813,Siedliska,4124156194,2 Alpine Parkway
814,Libei,1825238597,9573 Havey Way
815,Sísion,3218951000,706 Waxwing Crossing
816,Pili,9863970815,37 Anthes Trail
817,Santo Antônio de Posse,2279717997,0442 International Road
818,Strömstad,2559182649,1950 South Pass
819,Bjästa,2613438841,43 Green Alley
820,Las Junturas,6958187945,16 Donald Way
821,Gueset,2971991844,7531 Clarendon Way
822,Rawasan,5766923816,3146 Troy Lane
823,Surulangun Rawas,4665456645,7 Red Cloud Pass
824,Ete,5706097892,1681 Kipling Junction
825,Balrothery,2554217209,1 Morning Place
826,Khawr Fakkān,8257371648,64629 Donald Drive
827,Şalākhid,6972516986,9 Old Gate Terrace
828,Donghoufang,4653796657,050 Sheridan Crossing
829,Tonggu,4475071827,35829 Granby Avenue
830,Ilām,6198093613,3 Thierer Alley
831,Butel,9621918959,82 Division Pass
832,Séléa,1213399282,3 Pleasure Hill
833,Denver,3035480136,5506 Stone Corner Point
834,Dagestanskiye Ogni,8166080900,2313 Atwood Trail
835,Trondheim,5759499473,2 Waywood Pass
836,Sidi Yahia el Gharb,1186914529,9 Daystar Drive
837,Qadsīyā,3355454063,4 Mifflin Place
838,Azara,1474905015,090 7th Terrace
839,Qingban,1014221118,1 Arizona Trail
840,Nikhom Kham Soi,1255632918,9 Monica Crossing
841,Suvorov,8357973893,39 Dryden Road
842,Avignon,2323747437,430 Northfield Terrace
843,Viamão,4005755998,2743 South Alley
844,Damiao,6542700881,77097 Chinook Drive
845,Ash Shāmīyah,5168211066,61 Arrowood Court
846,Lieksa,5969070673,8 7th Plaza
847,Langádhia,4364591734,4956 Hallows Trail
848,Lianhe,2723548178,990 Columbus Park
849,Malindi,8481602207,4 Dapin Junction
850,Ruma,2934023222,4388 Bellgrove Way
851,Amizmiz,5185779321,38371 Warner Center
852,Barurao,5529747481,7899 Pond Trail
853,Panshi,5369927779,17450 Dryden Point
854,Naekan,2092970729,55 Calypso Lane
855,San Pa Tong,4518766456,99654 Surrey Circle
856,Fuxin,3037239615,72 Algoma Pass
857,Borlänge,4863312225,4178 Boyd Pass
858,José de Freitas,5341208568,67 Little Fleur Point
859,Zborište,9803106912,71441 Sheridan Trail
860,Plaisir,7993544064,14 Monterey Terrace
861,Hobor,5937985091,8 Thompson Place
862,San Quintin,8988724965,50 Clove Way
863,Changxing,7344023399,3653 Paget Plaza
864,Spodnja Hajdina,9304360163,663 Valley Edge Crossing
865,Santiago Puringla,9875556892,5 Mcguire Street
866,São Lourenço do Sul,7718504015,454 Holmberg Drive
867,Shibganj,1447593490,0496 Dayton Junction
868,Tehetu,2841585435,592 Center Terrace
869,Sukakerta,4833752945,562 Carey Terrace
870,Pateh Sam,7625353479,3 Pond Avenue
871,Yushan,9442302295,680 Ohio Crossing
872,Grazhdanka,7173474097,93 Bowman Avenue
873,Canmang,6903323471,350 Pawling Hill
874,Ílion,4387832401,3 Eastlawn Lane
875,Bangelan,8557038788,543 Montana Crossing
876,Pubal,2327725587,49 Continental Alley
877,Lokossa,9601877882,15 Derek Park
878,Orange,9595763812,9367 Bayside Point
879,Abaetetuba,7466125734,87310 Mockingbird Way
880,Calibishie,5776015252,6620 Bonner Parkway
881,Guanchi,5325757949,04497 Cottonwood Junction
882,Gangou,1214864225,8381 Kings Alley
883,Dūāb,1915134961,881 Eastwood Point
884,Chuhuyiv,1034234005,67870 Darwin Road
885,Xiatuanpu,1418535465,1 Raven Lane
886,Polowat,3829713473,86 Lighthouse Bay Circle
887,Broska,6339266992,913 Arizona Lane
888,Manzë,3821277535,6 Eagle Crest Terrace
889,Gustavsberg,9573185604,6 Dwight Road
890,Macedo de Cavaleiros,9858637518,958 Bashford Crossing
891,Cofimvaba,2376469702,0 Commercial Alley
892,Čair,6987444291,30 Birchwood Trail
893,El Rincón,5022814610,78867 Donald Road
894,Przewóz,4293419878,7100 Myrtle Alley
895,Latacunga,8021840519,2892 Johnson Pass
896,Namora,2024727985,962 Springview Place
897,Gasri,8936084890,99 Bowman Hill
898,Speightstown,4226620084,8 Norway Maple Drive
899,Baishui,4335629142,35 Anniversary Hill
900,Jingjiang,7053300076,1928 Atwood Pass
901,Urasqui,6827998680,5081 Spohn Hill
902,Mingelchaur,7571381299,92 Lyons Alley
903,Rerawere,3076607776,2309 Fuller Drive
904,Gao’an,6467353515,893 Darwin Point
905,Vodstroy,5778523069,8901 Vahlen Terrace
906,Yanwukou,2225360385,19 Fulton Place
907,Stockholm,7519908505,08 Nobel Avenue
908,Tarhuna,7818422868,38 Milwaukee Park
909,Shanhe,6212447092,891 Hoepker Plaza
910,Puger,8115506678,55 Lien Terrace
911,Memphis,9019269978,07 6th Junction
912,Chexi,6559414395,11867 Beilfuss Plaza
913,Qiwen,8246142834,9878 Hintze Pass
914,Doruchów,9336076634,32280 Summit Court
915,Killumney,9011359663,5 Corry Drive
916,Cesson,3292238019,2910 Grasskamp Terrace
917,Naples,9419904312,1 Morning Street
918,Petaẖ Tiqwa,3079264204,954 Garrison Park
919,Songshi,8781231942,54 Melvin Point
920,Sirāhā,6501554944,286 Maywood Avenue
921,Massaguet,4924912845,18542 Vermont Park
922,Drammen,3229319102,01 Schurz Trail
923,Douane,9994762572,2674 Hoffman Terrace
924,Zhenziliang,7043613677,65 Randy Alley
925,Siva,6929899301,9 Oak Parkway
926,Sam Phran,2532142879,1 Anzinger Hill
927,Dongshan,4373988846,99 Shasta Road
928,Moneghetti,4065562442,67171 Birchwood Lane
929,Ursus,1663927031,6143 Mcbride Parkway
930,Jinjiang,4849835857,2 Independence Alley
931,Gložan,2691321728,0521 Warner Plaza
932,Nanao,9472295508,4 8th Trail
933,Kyzyldzhar,2778976787,38 Service Hill
934,Ustupo,7114416108,8157 Riverside Trail
935,Tanzybey,1442131062,8 Dorton Way
936,Lagoa,2385966730,11283 Mallard Trail
937,Fundong,9557527179,562 Starling Trail
938,Gobojango,6391140051,5216 Menomonie Point
939,Mirzec,4589568450,7339 Dorton Point
940,Nacka,9922789183,2 Grayhawk Drive
941,Rafaḩ,7485889139,93516 Schmedeman Parkway
942,Pukkila,2216042990,43 Kim Place
943,El Carril,5282125310,4372 Merrick Park
944,Laweueng,5872236596,36 Del Mar Circle
945,Englewood,3033658909,546 Melvin Center
946,Madaoua,9877847450,0 Talmadge Court
947,Krumvíř,4902793085,902 Eastlawn Lane
948,Sudislavl’,4085679728,9394 Jana Parkway
949,Fos-sur-Mer,2409071833,00526 Derek Drive
950,Vila Viçosa,6486618175,85 Carpenter Circle
951,Thành Phố Phủ Lý,7267696833,0 Melody Park
952,Foz Sousa,2028971089,9 Elka Street
953,Santa Iria de Azóia,8368780275,87643 Muir Plaza
954,Likiep,1453354465,97 Glendale Drive
955,Tambangan,4236084060,46217 Lakewood Junction
956,Kępice,7504549712,7322 Cody Hill
957,Bulahblangaro,6105182024,79 Sheridan Plaza
958,Barretos,8672789621,3852 Rieder Hill
959,Tumxuk,4789151042,3 Hagan Circle
960,Saint Aubin,9967369976,59521 Trailsway Street
961,Ankola,5475667951,586 Kenwood Alley
962,Wuqishan,2279912734,7187 Larry Parkway
963,Arteni,5874879615,9138 Redwing Trail
964,Quilmaná,6833621611,235 Vera Court
965,Bohorodchany,8362674321,06 Kinsman Plaza
966,Somita,9901209490,088 Duke Center
967,La Cuesta,5664233278,18881 Red Cloud Crossing
968,Puksoozero,7315050022,31 Springs Parkway
969,Liufang,2754378429,37687 5th Pass
970,Amadeo,9549649844,9229 Forest Point
971,Port Barton,1576078309,78641 Monument Terrace
972,Dobje pri Planini,5754992975,3385 Morrow Pass
973,Orodara,6975705868,03 Walton Lane
974,Timbaúba,9864142176,494 Rowland Place
975,Matão,9902746075,609 3rd Circle
976,Kotovo,5335312554,0360 Ohio Parkway
977,Rauna,1173328972,76 Schlimgen Trail
978,Shetan,6995958179,139 Lake View Crossing
979,Syców,1703714675,38079 Duke Place
980,Montréal-Ouest,9058831981,20 Carioca Terrace
981,Manabo,9114767050,34 Columbus Court
982,Marisgama,9963014171,55 Marcy Road
983,Carmo do Cajuru,7469474897,87911 Coleman Park
984,Xinfeng,9444747936,75 Melby Hill
985,Riyom,7633299139,19 Onsgard Lane
986,Uozu,7704085834,17 Grim Circle
987,Parabon,6954805146,184 Ronald Regan Parkway
988,Jardín,7946716397,2 Stuart Way
989,Dorogobuzh,4279774225,19838 Clemons Point
990,Tranca,3821660724,23 Sheridan Place
991,Kamojimachō-jōgejima,5492518132,4 Victoria Parkway
992,Nyandoma,5504664039,9722 Garrison Way
993,Denver,3038636527,6119 Pierstorff Lane
994,Napier,2623886443,85 Main Street
995,Kedungcangkring,5622846430,0 Sycamore Junction
996,Mikhaylovsk,6539290768,76 Esker Pass
997,Heshan,5414370782,00969 Larry Lane
998,Straszyn,9196796633,8352 Green Ridge Terrace
999,Masinloc,6963210347,02438 Morrow Lane
1000,Al Misrākh,8888916401,434 Carberry Way
